,0,1,2,3
0,AC>CA,[A>C],[C>A],[A>C][C>A]
1,AC>CG,[A>C],[C>G],[A>C][C>G]
2,AC>CT,[A>C],[C>T],[A>C][C>T]
3,AC>GA,[A>G],[C>A],[A>G][C>A]
4,AC>GG,[A>G],[C>G],[A>G][C>G]
5,AC>GT,[A>G],[C>T],[A>G][C>T]
6,AC>TA,[A>T],[C>A],[A>T][C>A]
7,AC>TG,[A>T],[C>G],[A>T][C>G]
8,AC>TT,[A>T],[C>T],[A>T][C>T]
9,AT>CA,[A>C],[T>A],[A>C][T>A]
10,AT>CC,[A>C],[T>C],[A>C][T>C]
11,AT>CG,[A>C],[T>G],[A>C][T>G]
12,AT>GA,[A>G],[T>A],[A>G][T>A]
13,AT>GC,[A>G],[T>C],[A>G][T>C]
14,AT>TA,[A>T],[T>A],[A>T][T>A]
15,CC>AA,[C>A],[C>A],[C>A][C>A]
16,CC>AG,[C>A],[C>G],[C>A][C>G]
17,CC>AT,[C>A],[C>T],[C>A][C>T]
18,CC>GA,[C>G],[C>A],[C>G][C>A]
19,CC>GG,[C>G],[C>G],[C>G][C>G]
20,CC>GT,[C>G],[C>T],[C>G][C>T]
21,CC>TA,[C>T],[C>A],[C>T][C>A]
22,CC>TG,[C>T],[C>G],[C>T][C>G]
23,CC>TT,[C>T],[C>T],[C>T][C>T]
24,CG>AT,[C>A],[G>T],[C>A][G>T]
25,CG>GC,[C>G],[G>C],[C>G][G>C]
26,CG>GT,[C>G],[G>T],[C>G][G>T]
27,CG>TA,[C>T],[G>A],[C>T][G>A]
28,CG>TC,[C>T],[G>C],[C>T][G>C]
29,CG>TT,[C>T],[G>T],[C>T][G>T]
30,CT>AA,[C>A],[T>A],[C>A][T>A]
31,CT>AC,[C>A],[T>C],[C>A][T>C]
32,CT>AG,[C>A],[T>G],[C>A][T>G]
33,CT>GA,[C>G],[T>A],[C>G][T>A]
34,CT>GC,[C>G],[T>C],[C>G][T>C]
35,CT>GG,[C>G],[T>G],[C>G][T>G]
36,CT>TA,[C>T],[T>A],[C>T][T>A]
37,CT>TC,[C>T],[T>C],[C>T][T>C]
38,CT>TG,[C>T],[T>G],[C>T][T>G]
39,GC>AA,[G>A],[C>A],[G>A][C>A]
40,GC>AG,[G>A],[C>G],[G>A][C>G]
41,GC>AT,[G>A],[C>T],[G>A][C>T]
42,GC>CA,[G>C],[C>A],[G>C][C>A]
43,GC>CG,[G>C],[C>G],[G>C][C>G]
44,GC>TA,[G>T],[C>A],[G>T][C>A]
45,TA>AT,[T>A],[A>T],[T>A][A>T]
46,TA>CG,[T>C],[A>G],[T>C][A>G]
47,TA>CT,[T>C],[A>T],[T>C][A>T]
48,TA>GC,[T>G],[A>C],[T>G][A>C]
49,TA>GG,[T>G],[A>G],[T>G][A>G]
50,TA>GT,[T>G],[A>T],[T>G][A>T]
51,TC>AA,[T>A],[C>A],[T>A][C>A]
52,TC>AG,[T>A],[C>G],[T>A][C>G]
53,TC>AT,[T>A],[C>T],[T>A][C>T]
54,TC>CA,[T>C],[C>A],[T>C][C>A]
55,TC>CG,[T>C],[C>G],[T>C][C>G]
56,TC>CT,[T>C],[C>T],[T>C][C>T]
57,TC>GA,[T>G],[C>A],[T>G][C>A]
58,TC>GG,[T>G],[C>G],[T>G][C>G]
59,TC>GT,[T>G],[C>T],[T>G][C>T]
60,TG>AA,[T>A],[G>A],[T>A][G>A]
61,TG>AC,[T>A],[G>C],[T>A][G>C]
62,TG>AT,[T>A],[G>T],[T>A][G>T]
63,TG>CA,[T>C],[G>A],[T>C][G>A]
64,TG>CC,[T>C],[G>C],[T>C][G>C]
65,TG>CT,[T>C],[G>T],[T>C][G>T]
66,TG>GA,[T>G],[G>A],[T>G][G>A]
67,TG>GC,[T>G],[G>C],[T>G][G>C]
68,TG>GT,[T>G],[G>T],[T>G][G>T]
69,TT>AA,[T>A],[T>A],[T>A][T>A]
70,TT>AC,[T>A],[T>C],[T>A][T>C]
71,TT>AG,[T>A],[T>G],[T>A][T>G]
72,TT>CA,[T>C],[T>A],[T>C][T>A]
73,TT>CC,[T>C],[T>C],[T>C][T>C]
74,TT>CG,[T>C],[T>G],[T>C][T>G]
75,TT>GA,[T>G],[T>A],[T>G][T>A]
76,TT>GC,[T>G],[T>C],[T>G][T>C]
77,TT>GG,[T>G],[T>G],[T>G][T>G]
