,from,to,symbol,group,translate
0,A,A,A,Normal,A
1,A,C,!,SNV,[A>C]
2,A,G,@,SNV,[A>G]
3,A,T,#,SNV,[A>T]
4,N,N,N,Normal,N
5,A,-,1,indel,[A>-]
6,C,A,$,SNV,[C>A]
7,C,C,C,Normal,C
8,C,G,%,SNV,[C>G]
9,C,T,^,SNV,[C>T]
10,C,-,2,indel,[C>-]
11,G,A,&,SNV,[G>A]
12,G,C,*,SNV,[G>C]
13,G,G,G,Normal,G
14,G,T,~,SNV,[G>T]
15,G,-,3,indel,[G>-]
16,T,A,:,SNV,[T>A]
17,T,C,;,SNV,[T>C]
18,T,G,?,SNV,[T>G]
19,T,T,T,Normal,T
20,T,-,4,indel,[T>-]
21,-,A,5,indel,[->A]
22,-,C,6,indel,[->C]
23,-,G,7,indel,[->G]
24,-,T,8,indel,[->T]
25,-,SV_DEL,D,SV,[->SV_DEL]
26,-,SV_DUP,P,SV,[->SV_DUP]
27,-,SV_INV,I,SV,[->SV_INV]
28,-,SV_BND,B,SV,[->SV_BND]
29,-,MEI_L1,L,MEI,[->MEI_L1]
30,-,MEI_ALU,M,MEI,[->MEI_ALU]
31,-,MEI_SVA,S,MEI,[->MEI_SVA]
32,-,MEI_PG,Q,MEI,[->MEI_PG]
